<UNIVERSO>
    <GALAXIA>
        <NOMBRE> Centaurus A
        </NOMBRE>
        <DESCRIPCION> NGC 5128 (conocida también como Centauro A) es una galaxia lenticular que se encuentra a unos 14 millones de años luz de la Tierra, en la constelación del Centauro. 
        </DESCRIPCION>
    </GALAXIA>
    <GALAXIA>
        <NOMBRE> Galaxias Antennae
        </NOMBRE>
        <DESCRIPCION> Las Galaxias Antennae o Antena son dos galaxias interactuando en la constelación de Corvus. Fueron descubiertas en 1785 por William Herschel.
        </DESCRIPCION>
    </GALAXIA>
    <GALAXIA>
        <NOMBRE> Galaxia del Girasol
        </NOMBRE>
        <DESCRIPCION> La Galaxia del Girasol (también conocida como Galaxia espiral M63, Objeto Messier 63, Messier 63, M63 o NGC 5055) es una galaxia espiral de la constelación de Canes Venatici. 
        </DESCRIPCION>
    </GALAXIA>
    <GALAXIA>
        <NOMBRE> M88
        </NOMBRE>
        <DESCRIPCION> Messier 88 (también conocido como M88 o NGC 4501) es una galaxia espiral a unos 49 millones de años luz en la constelación Coma Berenices. 
        </DESCRIPCION>
    </GALAXIA>
    <GALAXIA>
        <NOMBRE>NGC 3982
        </NOMBRE>
        <DESCRIPCION>NGC 3982 es una Galaxia espiral barrada de alrededor 67 millones de años luz (al) de distancia, situada en la constelación de la Osa Mayor. 
        </DESCRIPCION>
    </GALAXIA>
</UNIVERSO>